start,cost,gap,time_s,n_assigned
0,-2900.0,284.0,4.230448246002197,3
1,-3184.0,0.0,4.04767370223999,4
2,-3184.0,0.0,3.7940404415130615,4
3,-3184.0,0.0,3.7152976989746094,4
4,-3184.0,0.0,4.227126598358154,4
5,-2900.0,284.0,3.441363573074341,3
6,-3184.0,0.0,4.020958662033081,4
7,-3184.0,0.0,4.124679803848267,4
